Manufacturer,Model,Weight_pred
Audi,100,3330.536954105627
Pontiac,Sunbird,2574.999999999998
Chevrolet,Lumina,3195.000000000002
Mazda,RX-7,2894.9999999999945
Volkswagen,Fox,2239.999999999999
